Chris Musco, Christopher Musco
Aleksandar Nikolov, Sasho Nikolov
Huijia (Rachel) Lin, Huijia Lin
Huy Lê Nguyen, Huy Le Nguyen
Clément Canonne, Clement Canonne
David M. Mount, David Mount
Kasper Green Larsen, Kasper Green-Larsen
Shahar Dobzinski, Shahar Dobzhinski

